Keyword,Links
Breast Formula,https://www.amazon.com/s?k=Breast+Formula&i=hpc&s=exact-aware-popularity-rank&ref=sr_st_exact-aware-popularity-rank
Peanut Butter,https://www.amazon.com/s?k=Peanut+Butter&i=hpc&s=exact-aware-popularity-rank&ref=sr_st_exact-aware-popularity-rank
Multivitamin Pack,https://www.amazon.com/s?k=Multivitamin+Pack&i=hpc&s=exact-aware-popularity-rank&ref=sr_st_exact-aware-popularity-rank
OPC supplement,https://www.amazon.com/s?k=OPC+supplement&i=hpc&s=exact-aware-popularity-rank&ref=sr_st_exact-aware-popularity-rank
Methyl B Complex,https://www.amazon.com/s?k=Methyl+B+Complex&i=hpc&s=exact-aware-popularity-rank&ref=sr_st_exact-aware-popularity-rank
Sambucus extract,https://www.amazon.com/s?k=Sambucus+extract&i=hpc&s=exact-aware-popularity-rank&ref=sr_st_exact-aware-popularity-rank
IgG Supplement,https://www.amazon.com/s?k=IgG+Supplement&i=hpc&s=exact-aware-popularity-rank&ref=sr_st_exact-aware-popularity-rank
Colostrum Immune,https://www.amazon.com/s?k=Colostrum+Immune&i=hpc&s=exact-aware-popularity-rank&ref=sr_st_exact-aware-popularity-rank
Immune Bundle,https://www.amazon.com/s?k=Immune+Bundle&i=hpc&s=exact-aware-popularity-rank&ref=sr_st_exact-aware-popularity-rank
Daily Probiotics,https://www.amazon.com/s?k=Daily+Probiotics&i=hpc&s=exact-aware-popularity-rank&ref=sr_st_exact-aware-popularity-rank
Toddler Multivitamins,https://www.amazon.com/s?k=Toddler+Multivitamins&i=hpc&s=exact-aware-popularity-rank&ref=sr_st_exact-aware-popularity-rank
Shilajit Drops,https://www.amazon.com/s?k=Shilajit+Drops&i=hpc&s=exact-aware-popularity-rank&ref=sr_st_exact-aware-popularity-rank
Elderberry Drops,https://www.amazon.com/s?k=Elderberry+Drops&i=hpc&s=exact-aware-popularity-rank&ref=sr_st_exact-aware-popularity-rank
Throat Drops,https://www.amazon.com/s?k=Throat+Drops&i=hpc&s=exact-aware-popularity-rank&ref=sr_st_exact-aware-popularity-rank
Ayurvedic Tea,https://www.amazon.com/s?k=Ayurvedic+Tea&i=hpc&s=exact-aware-popularity-rank&ref=sr_st_exact-aware-popularity-rank
Cough Syrup,https://www.amazon.com/s?k=Cough+Syrup&i=hpc&s=exact-aware-popularity-rank&ref=sr_st_exact-aware-popularity-rank
Echinacea Goldenseal,https://www.amazon.com/s?k=Echinacea+Goldenseal&i=hpc&s=exact-aware-popularity-rank&ref=sr_st_exact-aware-popularity-rank
Prostate Complex,https://www.amazon.com/s?k=Prostate+Complex&i=hpc&s=exact-aware-popularity-rank&ref=sr_st_exact-aware-popularity-rank
Elderberry Supplement,https://www.amazon.com/s?k=Elderberry+Supplement&i=hpc&s=exact-aware-popularity-rank&ref=sr_st_exact-aware-popularity-rank
Zinc Gluconate,https://www.amazon.com/s?k=Zinc+Gluconate&i=hpc&s=exact-aware-popularity-rank&ref=sr_st_exact-aware-popularity-rank
Immunity Shot,https://www.amazon.com/s?k=Immunity+Shot&i=hpc&s=exact-aware-popularity-rank&ref=sr_st_exact-aware-popularity-rank
Protein bar,https://www.amazon.com/s?k=Protein+bar&i=hpc&s=exact-aware-popularity-rank&ref=sr_st_exact-aware-popularity-rank
Probiotic support,https://www.amazon.com/s?k=Probiotic+support&i=hpc&s=exact-aware-popularity-rank&ref=sr_st_exact-aware-popularity-rank
Ginseng Extract,https://www.amazon.com/s?k=Ginseng+Extract&i=hpc&s=exact-aware-popularity-rank&ref=sr_st_exact-aware-popularity-rank
Children's vitamins,https://www.amazon.com/s?k=Children's+vitamins&i=hpc&s=exact-aware-popularity-rank&ref=sr_st_exact-aware-popularity-rank
Gas Defense,https://www.amazon.com/s?k=Gas+Defense&i=hpc&s=exact-aware-popularity-rank&ref=sr_st_exact-aware-popularity-rank
Nutrition powder,https://www.amazon.com/s?k=Nutrition+powder&i=hpc&s=exact-aware-popularity-rank&ref=sr_st_exact-aware-popularity-rank
Ginseng Shots,https://www.amazon.com/s?k=Ginseng+Shots&i=hpc&s=exact-aware-popularity-rank&ref=sr_st_exact-aware-popularity-rank
Vitamin tablets,https://www.amazon.com/s?k=Vitamin+tablets&i=hpc&s=exact-aware-popularity-rank&ref=sr_st_exact-aware-popularity-rank
Goat Milk,https://www.amazon.com/s?k=Goat+Milk&i=hpc&s=exact-aware-popularity-rank&ref=sr_st_exact-aware-popularity-rank
Gluten Free,https://www.amazon.com/s?k=Gluten+Free&i=hpc&s=exact-aware-popularity-rank&ref=sr_st_exact-aware-popularity-rank
Vitamin Pack,https://www.amazon.com/s?k=Vitamin+Pack&i=hpc&s=exact-aware-popularity-rank&ref=sr_st_exact-aware-popularity-rank
Immunity Gummy,https://www.amazon.com/s?k=Immunity+Gummy&i=hpc&s=exact-aware-popularity-rank&ref=sr_st_exact-aware-popularity-rank
B12 vials,https://www.amazon.com/s?k=B12+vials&i=hpc&s=exact-aware-popularity-rank&ref=sr_st_exact-aware-popularity-rank
Iodine Drops,https://www.amazon.com/s?k=Iodine+Drops&i=hpc&s=exact-aware-popularity-rank&ref=sr_st_exact-aware-popularity-rank
Oregano Oil,https://www.amazon.com/s?k=Oregano+Oil&i=hpc&s=exact-aware-popularity-rank&ref=sr_st_exact-aware-popularity-rank
Colon Cleanse,https://www.amazon.com/s?k=Colon+Cleanse&i=hpc&s=exact-aware-popularity-rank&ref=sr_st_exact-aware-popularity-rank
Immune Effervescent,https://www.amazon.com/s?k=Immune+Effervescent&i=hpc&s=exact-aware-popularity-rank&ref=sr_st_exact-aware-popularity-rank
Zinc Tablets,https://www.amazon.com/s?k=Zinc+Tablets&i=hpc&s=exact-aware-popularity-rank&ref=sr_st_exact-aware-popularity-rank
Quercetin Drops,https://www.amazon.com/s?k=Quercetin+Drops&i=hpc&s=exact-aware-popularity-rank&ref=sr_st_exact-aware-popularity-rank
Herbal Iron,https://www.amazon.com/s?k=Herbal+Iron&i=hpc&s=exact-aware-popularity-rank&ref=sr_st_exact-aware-popularity-rank
Calcium Chews,https://www.amazon.com/s?k=Calcium+Chews&i=hpc&s=exact-aware-popularity-rank&ref=sr_st_exact-aware-popularity-rank
Lung Detox,https://www.amazon.com/s?k=Lung+Detox&i=hpc&s=exact-aware-popularity-rank&ref=sr_st_exact-aware-popularity-rank
Lymphatic Support,https://www.amazon.com/s?k=Lymphatic+Support&i=hpc&s=exact-aware-popularity-rank&ref=sr_st_exact-aware-popularity-rank
Protein Shake,https://www.amazon.com/s?k=Protein+Shake&i=hpc&s=exact-aware-popularity-rank&ref=sr_st_exact-aware-popularity-rank
Cough Relief,https://www.amazon.com/s?k=Cough+Relief&i=hpc&s=exact-aware-popularity-rank&ref=sr_st_exact-aware-popularity-rank
Probiotic Gummies,https://www.amazon.com/s?k=Probiotic+Gummies&i=hpc&s=exact-aware-popularity-rank&ref=sr_st_exact-aware-popularity-rank
Tangy Tangerine,https://www.amazon.com/s?k=Tangy+Tangerine&i=hpc&s=exact-aware-popularity-rank&ref=sr_st_exact-aware-popularity-rank
Baby cough,https://www.amazon.com/s?k=Baby+cough&i=hpc&s=exact-aware-popularity-rank&ref=sr_st_exact-aware-popularity-rank
Neem capsules,https://www.amazon.com/s?k=Neem+capsules&i=hpc&s=exact-aware-popularity-rank&ref=sr_st_exact-aware-popularity-rank
